 MemberID,  Name, Email, Mobile, Address
101, Sathya,  sathya@gmail.com,9629524694,  Tuticorin
102, Shruthi, shruthi@gmail.com,8759536424, Tenkasi
103, Bhuvana,  bhuvana@gmail.com,6385524867, Tuticorin
104, Karthick, karthick@gmail.com,8975874686,  Anna nagar
105, Surya, surya@gmail.com,7985767658, spic nagar
106, Praveen, praveen@gmail.com,9859875758,  Tuticorin
107, Beno, beno@gmail.com,5987857758, Spic nagar
108, Ajith,  ajith@gmail.com,7897474785,  Anna nagar
109, saira,  saira@gmail.com,8609858585,  3rd  mile
110,  Ayesha,  ayesha@gmail.com,9869585985,  3rd  mile
